{
  "name" : "NCD Enrolment",
  "uuid" : "b2592519-53fb-4509-a2cb-95af5048c3bc",
  "formType" : "ProgramEnrolment",
  "formElementGroups" : [ {
    "uuid" : "67acf58d-dee5-40c7-9484-01d8ad30972c",
    "name" : "NCD risk factors",
    "displayOrder" : 1.0,
    "display" : "NCD risk factors",
    "formElements" : [ {
      "name" : "Smoking or consume smokeless products (tobacco/guthka/khaini)",
      "uuid" : "33e474b0-9c9d-41b0-bd69-4fd6f1da0a30",
      "keyValues" : [ ],
      "concept" : {
        "name" : "Smoking or consume smokeless products",
        "uuid" : "0fc3b733-0ee0-4554-b316-e5e29c1978d2"
      },
      "displayOrder" : 1.0,
      "type" : "SingleSelect",
      "mandatory" : true
    }, {
      "name" : "Alcohol consumption",
      "uuid" : "af374883-f944-4721-8aba-b8f2ff7c8d00",
      "keyValues" : [ ],
      "concept" : {
        "name" : "Alcohol consumption",
        "uuid" : "ac4d5664-0b5f-467f-a3c9-c0e4c8c221b7"
      },
      "displayOrder" : 2.0,
      "type" : "SingleSelect",
      "mandatory" : true
    }, {
      "name" : "Height",
      "uuid" : "c2434b5a-f6cd-4715-9853-e094f81b0f9b",
      "keyValues" : [ ],
      "concept" : {
        "name" : "Height in CM",
        "uuid" : "80d88c23-1e44-423a-96bf-5ddaf105042e"
      },
      "displayOrder" : 3.0,
      "type" : "SingleSelect",
      "mandatory" : true
    }, {
      "name" : "Weight",
      "uuid" : "511785e6-b1df-445b-a9ac-62492d00b636",
      "keyValues" : [ ],
      "concept" : {
        "name" : "Weight",
        "uuid" : "e9190320-3211-4d9f-a72c-288f42cf830c"
      },
      "displayOrder" : 4.0,
      "type" : "SingleSelect",
      "mandatory" : true
    }, {
      "name" : "Mid arm circumference",
      "uuid" : "3eec7631-d1f4-4fec-b370-e6ff1de1ec8f",
      "keyValues" : [ ],
      "concept" : {
        "name" : "Mid arm circumference",
        "uuid" : "44a608f8-54d3-4a8b-96b8-7175c65e1d01"
      },
      "displayOrder" : 5.0,
      "type" : "SingleSelect",
      "mandatory" : true
    }, {
      "name" : "Waist circumference",
      "uuid" : "a0a3a798-8894-4507-a3d8-578e2e2fe9e3",
      "keyValues" : [ ],
      "concept" : {
        "name" : "Waist circumference",
        "uuid" : "a9f45a38-99a7-4fd8-8e28-1291434eace0"
      },
      "displayOrder" : 6.0,
      "type" : "SingleSelect",
      "mandatory" : true
    }, {
      "name" : "Physical activity for >150 min/week",
      "uuid" : "feaaa473-fb62-4969-bca0-c3536f2e77b3",
      "keyValues" : [ ],
      "concept" : {
        "name" : "Physical activity for >150 min/week",
        "uuid" : "dfdc75c1-5a47-4aae-887c-3ee9f050d75e"
      },
      "displayOrder" : 7.0,
      "type" : "SingleSelect",
      "mandatory" : true
    }, {
      "name" : "Are you practicing any Yoga",
      "uuid" : "e7f4d566-ef7a-4065-b74b-11946755848d",
      "keyValues" : [ ],
      "concept" : {
        "name" : "Are you practicing any Yoga",
        "uuid" : "3e092c91-8e32-42b1-ac26-045b846e3893"
      },
      "displayOrder" : 8.0,
      "type" : "SingleSelect",
      "mandatory" : true
    }, {
      "name" : "Family histroy of high BP, DM or heart disease",
      "uuid" : "e5501187-d1cd-4f6e-90c3-297e7aaf3230",
      "keyValues" : [ ],
      "concept" : {
        "name" : "Family histroy of high BP, DM or heart disease",
        "uuid" : "8f67d53a-07bf-4652-b7ad-f2f6ef6bdfa2"
      },
      "displayOrder" : 9.0,
      "type" : "SingleSelect",
      "mandatory" : true
    } ]
  }, {
    "uuid" : "bd549dbc-b7d6-49fc-b3f7-b983e2a1586a",
    "name" : "Cancer warning signs - General",
    "displayOrder" : 2.0,
    "display" : "Cancer warning signs - General",
    "formElements" : [ {
      "name" : "Difficulty in opening mouth",
      "uuid" : "e3505a49-56fe-47f4-94cf-e0a6953738aa",
      "keyValues" : [ ],
      "concept" : {
        "name" : "Difficulty in opening mouth",
        "uuid" : "83f01615-04b1-4115-84a5-48e89c9aff54"
      },
      "displayOrder" : 1.0,
      "type" : "SingleSelect",
      "mandatory" : true
    }, {
      "name" : "Ulcer/ patch/ growth in mouth that has not healed for 2 weeks",
      "uuid" : "f06c9d5f-a708-4843-9989-bdca5160003e",
      "keyValues" : [ ],
      "concept" : {
        "name" : "Ulcer/ patch/ growth in mouth that has not healed for 2 weeks",
        "uuid" : "5e4d8a9d-28a5-49ec-a4c9-cd9cfd4dd134"
      },
      "displayOrder" : 2.0,
      "type" : "SingleSelect",
      "mandatory" : true
    }, {
      "name" : "Whether change in the tone of voice",
      "uuid" : "be2dfef3-c9a2-4d14-b44f-e352aff6faf0",
      "keyValues" : [ ],
      "concept" : {
        "name" : "Whether change in the tone of voice",
        "uuid" : "89bf3601-d8ab-4353-85a3-8070a959394e"
      },
      "displayOrder" : 3.0,
      "type" : "SingleSelect",
      "mandatory" : true
    } ]
  }, {
    "uuid" : "4d37b5b3-46b7-4f2c-bfe0-9f598c6c534d",
    "name" : "Cancer warning signs - Female",
    "displayOrder" : 3.0,
    "display" : "Cancer warning signs - Female",
    "formElements" : [ {
      "name" : "Lump in the breast",
      "uuid" : "f4c171fa-beb2-4080-bda9-4e56d4b71c7a",
      "keyValues" : [ ],
      "concept" : {
        "name" : "Lump in the breast",
        "uuid" : "d9f8ee0c-960f-43d7-9b02-aa2557a9aa10"
      },
      "displayOrder" : 1.0,
      "type" : "SingleSelect",
      "rule" : "'use strict';\n({params, imports}) => {\n  const programEncounter = params.entity;\n  const formElement = params.formElement;\n  const statusBuilder = new\n  imports.rulesConfig.FormElementStatusBuilder({programEncounter, formElement});\n  statusBuilder.show().whenItem(programEncounter.individual.isFemale()).is.truthy;\n  return statusBuilder.build();\n};",
      "mandatory" : true
    }, {
      "name" : "Blood stained discharge from nipple",
      "uuid" : "a0b44259-a443-4550-b738-2340faebf932",
      "keyValues" : [ ],
      "concept" : {
        "name" : "Blood stained discharge from nipple",
        "uuid" : "74745370-ee9e-4f58-b25e-57ebac69d75d"
      },
      "displayOrder" : 2.0,
      "type" : "SingleSelect",
      "rule" : "'use strict';\n({params, imports}) => {\n  const programEncounter = params.entity;\n  const formElement = params.formElement;\n  const statusBuilder = new\n  imports.rulesConfig.FormElementStatusBuilder({programEncounter, formElement});\n  statusBuilder.show().whenItem(programEncounter.individual.isFemale()).is.truthy;\n  return statusBuilder.build();\n};",
      "mandatory" : true
    }, {
      "name" : "Change in shape and size of breast",
      "uuid" : "33e0ad77-5607-46aa-9772-f423797a0941",
      "keyValues" : [ ],
      "concept" : {
        "name" : "Change in shape and size of breast",
        "uuid" : "2da75202-7f70-4a76-a8eb-cd9b289cdf8a"
      },
      "displayOrder" : 3.0,
      "type" : "SingleSelect",
      "rule" : "'use strict';\n({params, imports}) => {\n  const programEncounter = params.entity;\n  const formElement = params.formElement;\n  const statusBuilder = new\n  imports.rulesConfig.FormElementStatusBuilder({programEncounter, formElement});\n  statusBuilder.show().whenItem(programEncounter.individual.isFemale()).is.truthy;\n  return statusBuilder.build();\n};",
      "mandatory" : true
    }, {
      "name" : "Bleeding between periods",
      "uuid" : "682e8fff-6825-4696-9fa6-3bfd19596277",
      "keyValues" : [ ],
      "concept" : {
        "name" : "Bleeding between periods",
        "uuid" : "45f02196-217b-4772-8085-3d17c41244da"
      },
      "displayOrder" : 4.0,
      "type" : "SingleSelect",
      "rule" : "'use strict';\n({params, imports}) => {\n  const programEncounter = params.entity;\n  const formElement = params.formElement;\n  const statusBuilder = new\n  imports.rulesConfig.FormElementStatusBuilder({programEncounter, formElement});\n  statusBuilder.show().whenItem(programEncounter.individual.isFemale()).is.truthy\n  .and.whenItem(programEncounter.individual.getAgeInYears() < 49).is.truthy;\n  return statusBuilder.build();\n};",
      "mandatory" : true
    }, {
      "name" : "Bleeding after menopause",
      "uuid" : "2cdafb43-c813-4803-a18a-9630e20d36fd",
      "keyValues" : [ ],
      "concept" : {
        "name" : "Bleeding after menopause",
        "uuid" : "d1774f83-ee28-41b8-9cb8-309098ee0f16"
      },
      "displayOrder" : 5.0,
      "type" : "SingleSelect",
      "rule" : "'use strict';\n({params, imports}) => {\n  const programEncounter = params.entity;\n  const formElement = params.formElement;\n  const statusBuilder = new\n  imports.rulesConfig.FormElementStatusBuilder({programEncounter, formElement});\n  statusBuilder.show().whenItem(programEncounter.individual.isFemale()).is.truthy\n  .and.whenItem(programEncounter.individual.getAgeInYears() >= 49).is.truthy;\n  return statusBuilder.build();\n};",
      "mandatory" : false
    }, {
      "name" : "Bleeding after intercourse",
      "uuid" : "c2ad79fb-b72b-4465-9b44-fb6bd60a0ba1",
      "keyValues" : [ ],
      "concept" : {
        "name" : "Bleeding after intercourse",
        "uuid" : "82efa85a-46a9-4c75-8c53-c488b8c48c54"
      },
      "displayOrder" : 6.0,
      "type" : "SingleSelect",
      "rule" : "'use strict';\n({params, imports}) => {\n  const programEncounter = params.entity;\n  const formElement = params.formElement;\n  const statusBuilder = new\n  imports.rulesConfig.FormElementStatusBuilder({programEncounter, formElement});\n  statusBuilder.show().whenItem(programEncounter.individual.isFemale()).is.truthy;\n  return statusBuilder.build();\n};",
      "mandatory" : false
    }, {
      "name" : "Foul smelling vaginal discharge",
      "uuid" : "8861f831-c274-45bd-b44f-4cbe67f45bc7",
      "keyValues" : [ ],
      "concept" : {
        "name" : "Foul smelling vaginal discharge",
        "uuid" : "84a99b8c-f9bb-4436-9d83-d79a60a0b450"
      },
      "displayOrder" : 7.0,
      "type" : "SingleSelect",
      "rule" : "'use strict';\n({params, imports}) => {\n  const programEncounter = params.entity;\n  const formElement = params.formElement;\n  const statusBuilder = new\n  imports.rulesConfig.FormElementStatusBuilder({programEncounter, formElement});\n  statusBuilder.show().whenItem(programEncounter.individual.isFemale()).is.truthy;\n  return statusBuilder.build();\n};",
      "mandatory" : true
    } ]
  } ],
  "decisionRule" : "",
  "visitScheduleRule" : "\"use strict\";\n({ params, imports }) => {\n  const programEnrolment = params.entity;\n  const scheduleBuilder = new imports.rulesConfig.VisitScheduleBuilder({\n     programEnrolment\n  });\n const earliestDate=imports.moment(programEnrolment.enrolmentDateTime).add(6,'months').toDate();\n  scheduleBuilder\n    .add({\n      name: \"NCD Followup\",\n      encounterType: \"NCD Followup\",\n      earliestDate: earliestDate,\n      maxDate: imports.moment(earliestDate).add(15, 'days').toDate()\n    });\n           \n  return scheduleBuilder.getAll();\n};",
  "validationRule" : "",
  "checklistsRule" : ""
}